,ABS,conc,B.Bo
Standard 5,0.601,5,0.331403364
Standard 4,0.778,2,0.429004687
Standard 3,0.948,1,0.522746071
Standard 2,1.3445,0.4,0.741384064
Standard 1,1.704,0.15,0.93961952
