,ABS,conc,B.Bo
Standard 5,0.308,5,0.254545455
Standard 4,0.3755,2,0.310330579
Standard 3,0.531,1,0.438842975
Standard 2,0.61,0.4,0.504132231
Standard 1,0.718,0.15,0.59338843
