,ABS,conc,B.Bo
Standard 5,0.26,5,0.242537313
Standard 4,0.3425,2,0.319496269
Standard 3,0.458,1,0.427238806
Standard 2,0.6795,0.4,0.63386194
Standard 1,0.9095,0.15,0.848414179
