,ABS,conc,B.Bo
Standard 5,0.4245,5,0.263011152
Standard 4,0.603,2,0.373605948
Standard 3,0.6755,1,0.418525403
Standard 2,0.9505,0.4,0.588909542
Standard 1,1.3245,0.15,0.82063197
