,ABS,conc,B.Bo
Standard 5,0.4735,5,0.251460435
Standard 4,0.7995,2,0.424588423
Standard 3,0.9505,1,0.504779607
Standard 2,1.217,0.4,0.646309081
Standard 1,1.6975,0.15,0.901486989
