,ABS,conc,B.Bo
Standard 5,0.3685,5,0.263968481
Standard 4,0.459,2,0.328796562
Standard 3,0.6785,1,0.486031519
Standard 2,0.998,0.4,0.714899713
Standard 1,1.189,0.15,0.851719198
