,ABS,conc,B.Bo
Standard 5,0.401,5,0.284902309
Standard 4,0.55,2,0.390763766
Standard 3,0.758,1,0.538543517
Standard 2,0.969,0.4,0.688454707
Standard 1,1.182,0.15,0.839786856
