,ABS,conc,B.Bo
Standard 5,0.3945,5,0.229828139
Standard 4,0.525,2,0.305854937
Standard 3,0.703,1,0.409554326
Standard 2,1.075,0.4,0.626274396
Standard 1,1.394,0.15,0.812117681
