,ABS,conc,B.Bo
Standard 5,0.3525,5,0.344406448
Standard 4,0.426,2,0.416218857
Standard 3,0.498,1,0.486565706
Standard 2,0.703,0.4,0.686858818
Standard 1,0.8095,0.15,0.790913532
