,ABS,conc,B.Bo
Standard 5,0.435,5,0.313287721
Standard 4,0.517,2,0.372344256
Standard 3,0.6885,1,0.49585884
Standard 2,0.97,0.4,0.698595607
Standard 1,1.242,0.15,0.894490457
