,ABS,conc,B.Bo
Standard 5,0.225,5,0.24219591
Standard 4,0.311,2,0.334768568
Standard 3,0.4645,1,0.5
Standard 2,0.659,0.4,0.709364909
Standard 1,0.8025,0.15,0.863832078
