,ABS,conc,B.Bo
Standard 5,0.4355,5,0.299209894
Standard 4,0.614,2,0.421848162
Standard 3,0.881,1,0.605290278
Standard 2,1.0075,0.4,0.692201992
Standard 1,1.331,0.15,0.914462384
