,ABS,conc,B.Bo
Standard 5,0.2815,5,0.244569939
Standard 4,0.431,2,0.374456994
Standard 3,0.549,1,0.476976542
Standard 2,0.7165,0.4,0.622502172
Standard 1,0.8945,0.15,0.777150304