,ABS,conc,B.Bo
Standard 5,0.404,5,0.295213738
Standard 4,0.49,2,0.358056266
Standard 3,0.6795,1,0.496529046
Standard 2,0.9315,0.4,0.680672269
Standard 1,1.0785,0.15,0.788089149
