,ABS,conc,B.Bo
Standard 5,0.408,5,0.225726141
Standard 4,0.6385,2,0.353250346
Standard 3,0.8355,1,0.462240664
Standard 2,1.0645,0.4,0.588934993
Standard 1,1.5375,0.15,0.850622407