,ABS,conc,B.Bo
Standard 5,0.106,5,0.399246704
Standard 4,0.122,2,0.459510358
Standard 3,0.1615,1,0.608286252
Standard 2,0.1915,0.4,0.721280603
Standard 1,0.241,0.15,0.907721281
