,ABS,conc,B.Bo
Standard 5,0.294666667,5,0.279924003
Standard 4,0.505666667,2,0.480367321
Standard 3,0.569,1,0.540531982
Standard 2,0.797,0.4,0.757124763
Standard 1,0.987,0.15,0.937618746
