,ABS,conc,B.Bo
Standard 5,0.5205,5,0.317765568
Standard 4,0.769,2,0.469474969
Standard 3,0.805,1,0.491452991
Standard 2,1.1085,0.4,0.676739927
Standard 1,1.507,0.15,0.92002442
